{
    "type":"Help Article List",
    "d":[ 
        {
            "id":1, 
            "name": "Configureing the Dashboard",
            "URL":"",
            "category":"",
            "description":"This article covers the proces on how to confiure the dashboard to conect to web services.",
            "keywords":["configuration","setup"]
        },
        {
            "id":2, 
            "name": "Creating a user",
            "URL":"",
            "category":"",
            "description":"This article covers the proces on how users are created.",
            "keywords":["Create User","User", "User Setup", "mamanging a User"]
        },
        {
            "id":3, 
            "name": "Branding the Dashboard",
            "URL":"",
            "category":"",
            "description":"This article covers the proces on how to apply you can customize the look and feel of the dahboard to match your branding.",
            "keywords":["Branding","setup"]
        }
    ]
}